{"w1": [[-2.574914732971132, 0.36090809430447995, -1.480600368927893, 1.8072113415149833, -0.9077024682413183, -1.7338337812729223, 0.33576874399443263, 0.36673545848742706], [-0.5334624590629237, 0.3334116736809293, 1.4805991435519206, 1.973132033169391, 1.349526833591415, -1.1956470171311946, 0.18128084752433174, 0.16249449104771366]], "b1": [[2.026437852554038, 0.5741101940998973, -2.0375500976399186e-05, -1.8072124206065028, -0.4418181083912201, 1.25089115057587, -0.5183961390884446, 1.3494501749682906]], "w2": [[2.442325070683432, -0.2584904732123382], [-1.5339905456633698, -0.6028561403203985], [-1.930208975259101, 1.5870107892488736], [2.5036952648874577, -2.221327090558037], [0.2823393688592863, 1.583917288696924], [0.18538335039006165, -1.9561813747425094], [-1.0473647315492634, 0.10245655447219286], [0.9837511994730208, 1.872562570817258]], "b2": [[-1.378180257782251, 0.30186908947301416]]}