{"w1": [[-0.46982291738383597, -1.4536227100093868, 0.9926159811401454, 2.0321112087362674, -2.1073536653831004, -1.0639530667844017, 0.5977337817283003, 1.63399515961498], [-0.4039820469635488, 0.3930029233577962, 0.9926627355229115, 2.0321672808882716, 2.1073884784635935, 0.21173191772189326, -1.0024137031316949, 2.0387493376364656]], "b1": [[-0.4121971141289834, 1.4536736300006148, -0.9926717689846323, -2.032197411399967, 1.2568616466035055e-05, -0.45449786042706786, -0.9406972359200627, 0.054081430494508496]], "w2": [[0.5739801953372952, 0.12655294982780557], [0.4746339150919502, -2.6322282919157396], [0.4682343273474405, -2.0437086988892257], [2.458910970480558, -1.954256125551818], [-1.9494266442676218, 0.6995297525533652], [0.6570516822587377, 1.0565998046270277], [0.5979137039323943, -1.8716001158254432], [-1.8351347867258698, 0.22278107996680424]], "b2": [[0.3920043191117165, 0.8488924782272007]]}